"pre1";"p1";"score1";"pre2";"p2";"score2";"round";"tournament"
"1";;"BrianGun";2;;"Aisengobay";0;"Winners Round 1";"Koopa Armada"
"2";;"Patraozin";0;;"MiniGoku";2;"Winners Round 1";"Koopa Armada"
"3";"AD";"Afro";2;;"Ozzy";0;"Winners Round 1";"Koopa Armada"
"4";;"Owlogy";0;;"Daftmind";2;"Winners Round 1";"Koopa Armada"
"5";;"KD";0;"S6";"Abaca";2;"Winners Round 1";"Koopa Armada"
"6";;"Drei";0;;"Dr. Lemos";2;"Winners Round 1";"Koopa Armada"
"7";;"Sully";2;;"Neoob";1;"Winners Round 1";"Koopa Armada"
"8";;"Dethnerv";2;;"Artch";1;"Winners Round 1";"Koopa Armada"
"9";"PH";"chapeudopresto";2;;"Linus";0;"Winners Round 1";"Koopa Armada"
"10";;"Celly";0;;"IzZI127";2;"Winners Round 1";"Koopa Armada"
"11";;"Burt<e3>o";2;"BKL";"Frostfire";1;"Winners Round 1";"Koopa Armada"
"12";;"D4C";0;;"Guizo";2;"Winners Round 1";"Koopa Armada"
"13";"BC";"RoD";2;;"Gim";0;"Winners Round 1";"Koopa Armada"
"14";"MK";"MICK";2;;"PokaTranca";0;"Winners Round 1";"Koopa Armada"
"15";;"GodUsopp";0;;"Maleson";2;"Winners Round 1";"Koopa Armada"
"16";"Cafil";"Prolo";2;;"Calvao";0;"Winners Round 1";"Koopa Armada"
"17";;"Fakinha";2;;"Gotelho";0;"Winners Round 1";"Koopa Armada"
"18";"UF";"Luma";2;;"Mini Roc";0;"Winners Round 1";"Koopa Armada"
"19";;"Quantumleaper NEO";2;;"LukeThomaz";0;"Winners Round 1";"Koopa Armada"
"20";;"Mr. Z";0;;"Leso";2;"Winners Round 1";"Koopa Armada"
"21";;"Maycky";2;;"Renault";1;"Winners Round 1";"Koopa Armada"
"22";;"Jayache";0;"UF";"Sabino";2;"Winners Round 1";"Koopa Armada"
"23";"NGS";"Blaze";1;;"Thales";2;"Winners Round 1";"Koopa Armada"
"24";;"BrunoLana";2;;"Jayache";0;"Losers Round 1";"Koopa Armada"
"25";;"Kanto";0;;"Drei";2;"Losers Round 2";"Koopa Armada"
"26";;"Miguelindo";2;;"Linus";0;"Losers Round 2";"Koopa Armada"
"27";;"Moonflair";2;;"Ozzy";1;"Losers Round 2";"Koopa Armada"
"28";"TSL";"Jab Air";2;;"Patraozin";0;"Losers Round 1";"Koopa Armada"
"29";"PH";"chapeudopresto";2;;"D4C";0;"Losers Round 2";"Koopa Armada"
"30";"Cafil";"Prolo";2;;"Artch";0;"Losers Round 1";"Koopa Armada"
"31";;"Neptune";2;"BKL";"Frostfire";0;"Losers Round 1";"Koopa Armada"
"32";;"Messias";2;;"PokaTranca";1;"Losers Round 2";"Koopa Armada"
"33";;"Burt<e3>o";2;;"Gim";0;"Losers Round 1";"Koopa Armada"
"34";"AD";"Afro";2;;"Mr. Z";0;"Losers Round 2";"Koopa Armada"
"35";;"Luij";2;;"Calvao";0;"Losers Round 1";"Koopa Armada"
"36";"S6";"Abaca";2;;"Mini Roc";0;"Losers Round 1";"Koopa Armada"
"37";;"Sahione Advogados";0;"PLG";"SKPeter";2;"Winners Round 2";"Koopa Armada"
"38";;"gamer girl";2;;"Thiago Neoob";0;"Winners Round 2";"Koopa Armada"
"39";;"Zombie Hunter";0;;"Korn";2;"Winners Round 2";"Koopa Armada"
"40";;"BrunoLana";1;;"MiniGoku";2;"Winners Round 2";"Koopa Armada"
"41";;"Cyber Twilight";2;"AD";"Afro";1;"Winners Round 2";"Koopa Armada"
"42";"BenQ";"BeBop";2;;"Daftmind";0;"Winners Round 2";"Koopa Armada"
"43";;"Sosser";2;"S6";"Abaca";0;"Winners Round 2";"Koopa Armada"
"44";;"Roboto";2;"PH";"chapeudopresto";0;"Winners Round 2";"Koopa Armada"
"45";;"Messias";1;;"Sully";2;"Winners Round 2";"Koopa Armada"
"46";;"donotc0ntinue";2;;"Pe de Moleque";1;"Winners Round 2";"Koopa Armada"
"47";;"Luij";0;;"Dethnerv";2;"Winners Round 2";"Koopa Armada"
"48";;"Miguelindo";0;;"Guizo";2;"Winners Round 2";"Koopa Armada"
"49";;"Vyse";2;;"IzZI127";0;"Winners Round 2";"Koopa Armada"
"50";;"Elias";2;;"Burt<e3>o";1;"Winners Round 2";"Koopa Armada"
"51";"DASH";"Sonic Orochi";2;"AD";"Pete";0;"Winners Round 2";"Koopa Armada"
"52";;"Floko";2;;"Kanto";0;"Winners Round 2";"Koopa Armada"
"53";;"Neptune";0;"BC";"RoD";2;"Winners Round 2";"Koopa Armada"
"54";;"Danny";0;"TM";"Monado";2;"Winners Round 2";"Koopa Armada"
"55";;"Quantumleaper NEO";0;;"Fakinha";2;"Winners Round 2";"Koopa Armada"
"56";"BC";"Roc~";2;"MK";"MICK";0;"Winners Round 2";"Koopa Armada"
"57";"OwO";"RitsuoFox";2;"Cafil";"Prolo";1;"Winners Round 2";"Koopa Armada"
"58";"DASH";"Zord";0;;"Maleson";2;"Winners Round 2";"Koopa Armada"
"59";;"FullMoon";2;;"TROVS";0;"Winners Round 2";"Koopa Armada"
"60";;"Leso";2;;"Moonflair";0;"Winners Round 2";"Koopa Armada"
"61";"FDP";"Luffy";2;;"Thales";0;"Winners Round 2";"Koopa Armada"
"62";"UF";"Ultimate";2;;"Maycky";0;"Winners Round 2";"Koopa Armada"
"63";"TSL";"Jab Air";1;"UF";"Sabino";2;"Winners Round 2";"Koopa Armada"
"64";;"Quantumleaper NEO";2;;"TROVS";0;"Losers Round 3";"Koopa Armada"
"65";;"Miguelindo";1;;"Drei";2;"Losers Round 3";"Koopa Armada"
"66";;"Moonflair";2;;"Thales";0;"Losers Round 3";"Koopa Armada"
"67";;"Sahione Advogados";2;;"Gotelho";0;"Losers Round 3";"Koopa Armada"
"68";;"Celly";0;"MK";"MICK";2;"Losers Round 3";"Koopa Armada"
"69";;"Owlogy";0;;"Maycky";2;"Losers Round 2";"Koopa Armada"
"70";;"KD";1;"TSL";"Jab Air";2;"Losers Round 2";"Koopa Armada"
"71";;"Messias";0;;"IzZI127";2;"Losers Round 3";"Koopa Armada"
"72";;"Neptune";0;"DASH";"Zord";2;"Losers Round 2";"Koopa Armada"
"73";"NGS";"Blaze";0;"AD";"Afro";2;"Losers Round 3";"Koopa Armada"
"74";;"Luij";0;"AD";"Pete";2;"Losers Round 2";"Koopa Armada"
"75";;"GodUsopp";0;;"Burt<e3>o";2;"Losers Round 2";"Koopa Armada"
"76";;"BrunoLana";1;"S6";"Abaca";2;"Losers Round 2";"Koopa Armada"
"77";;"Zombie Hunter";0;;"Daftmind";2;"Losers Round 2";"Koopa Armada"
"78";;"Roboto";2;;"Quantumleaper NEO";0;"Losers Round 4";"Koopa Armada"
"79";"PLG";"SKPeter";2;;"Drei";0;"Losers Round 4";"Koopa Armada"
"80";;"FullMoon";2;"PH";"chapeudopresto";0;"Losers Round 4";"Koopa Armada"
"81";;"Sully";0;;"Moonflair";2;"Losers Round 4";"Koopa Armada"
"82";;"Guizo";0;;"Sahione Advogados";2;"Losers Round 4";"Koopa Armada"
"83";;"BrianGun";2;"MK";"MICK";0;"Losers Round 4";"Koopa Armada"
"84";;"donotc0ntinue";0;;"Maycky";2;"Losers Round 3";"Koopa Armada"
"85";;"Dethnerv";0;"TSL";"Jab Air";2;"Losers Round 3";"Koopa Armada"
"86";;"Leso";1;;"IzZI127";2;"Losers Round 4";"Koopa Armada"
"87";;"Korn";0;"DASH";"Zord";2;"Losers Round 3";"Koopa Armada"
"88";;"MiniGoku";2;"Cafil";"Prolo";0;"Losers Round 3";"Koopa Armada"
"89";"CAFIL";"Lorenzo";0;"AD";"Afro";2;"Losers Round 4";"Koopa Armada"
"90";"UF";"Luma";2;"AD";"Pete";0;"Losers Round 3";"Koopa Armada"
"91";;"Festa";0;;"Burt<e3>o";2;"Losers Round 3";"Koopa Armada"
"92";"BC";"RoD";2;;"Daftmind";0;"Losers Round 3";"Koopa Armada"
"93";"TM";"Monado";0;"S6";"Abaca";2;"Losers Round 3";"Koopa Armada"
"94";;"gamer girl";2;"PLG";"SKPeter";0;"Winners Quarter-Final";"Koopa Armada"
"95";;"Roboto";0;;"Dr. Lemos";2;"Winners Quarter-Final";"Koopa Armada"
"96";;"Cyber Twilight";2;;"BrianGun";1;"Winners Quarter-Final";"Koopa Armada"
"97";"BenQ";"BeBop";2;;"Korn";0;"Winners Quarter-Final";"Koopa Armada"
"98";;"Sosser";2;;"MiniGoku";0;"Winners Quarter-Final";"Koopa Armada"
"99";;"Floko";2;;"Guizo";0;"Winners Quarter-Final";"Koopa Armada"
"100";;"Vyse";2;;"Sully";0;"Winners Quarter-Final";"Koopa Armada"
"101";;"Elias";2;;"donotc0ntinue";0;"Winners Quarter-Final";"Koopa Armada"
"102";"DASH";"Sonic Orochi";2;;"Dethnerv";0;"Winners Quarter-Final";"Koopa Armada"
"103";;"FullMoon";1;;"Fakinha";2;"Winners Quarter-Final";"Koopa Armada"
"104";"BC";"Roc~";2;"CAFIL";"Lorenzo";0;"Winners Quarter-Final";"Koopa Armada"
"105";"OwO";"RitsuoFox";2;"TM";"Monado";0;"Winners Quarter-Final";"Koopa Armada"
"106";;"Maleson";2;"BC";"RoD";0;"Winners Quarter-Final";"Koopa Armada"
"107";"FDP";"Luffy";2;;"Leso";0;"Winners Quarter-Final";"Koopa Armada"
"108";"UF";"Ultimate";2;;"Festa";0;"Winners Quarter-Final";"Koopa Armada"
"109";"UF";"Sabino";2;"UF";"Luma";0;"Winners Quarter-Final";"Koopa Armada"
"110";"PLG";"SKPeter";0;;"Roboto";2;"Losers Round 5";"Koopa Armada"
"111";;"Sahione Advogados";2;;"FullMoon";1;"Losers Round 5";"Koopa Armada"
"112";;"BrianGun";2;;"Moonflair";1;"Losers Round 5";"Koopa Armada"
"113";"AD";"Afro";2;;"IzZI127";0;"Losers Round 5";"Koopa Armada"
"114";"DASH";"Zord";2;;"Maycky";1;"Losers Round 4";"Koopa Armada"
"115";;"MiniGoku";1;"TSL";"Jab Air";2;"Losers Round 4";"Koopa Armada"
"116";"BC";"RoD";1;;"Burt<e3>o";2;"Losers Round 4";"Koopa Armada"
"117";"S6";"Abaca";2;"UF";"Luma";0;"Losers Round 4";"Koopa Armada"
"118";;"Fakinha";0;;"Roboto";2;"Losers Quarter-Final";"Koopa Armada"
"119";;"Dr. Lemos";0;;"Sahione Advogados";2;"Losers Quarter-Final";"Koopa Armada"
"120";"BC";"Roc~";2;;"BrianGun";0;"Losers Quarter-Final";"Koopa Armada"
"121";;"Vyse";0;"AD";"Afro";2;"Losers Quarter-Final";"Koopa Armada"
"122";;"Maleson";2;"DASH";"Zord";0;"Losers Quarter-Final";"Koopa Armada"
"123";"OwO";"RitsuoFox";0;"TSL";"Jab Air";2;"Losers Quarter-Final";"Koopa Armada"
"124";"DASH";"Sonic Orochi";0;"S6";"Abaca";2;"Losers Quarter-Final";"Koopa Armada"
"125";;"Elias";2;;"Burt<e3>o";0;"Losers Quarter-Final";"Koopa Armada"
"126";;"Dr. Lemos";0;;"gamer girl";2;"Winners Semi-Final";"Koopa Armada"
"127";;"Fakinha";0;;"Floko";2;"Winners Semi-Final";"Koopa Armada"
"128";;"Vyse";0;;"Cyber Twilight";2;"Winners Semi-Final";"Koopa Armada"
"129";;"Elias";0;"BenQ";"BeBop";2;"Winners Semi-Final";"Koopa Armada"
"130";"DASH";"Sonic Orochi";0;;"Sosser";2;"Winners Semi-Final";"Koopa Armada"
"131";"FDP";"Luffy";2;"BC";"Roc~";0;"Winners Semi-Final";"Koopa Armada"
"132";"UF";"Sabino";2;"OwO";"RitsuoFox";0;"Winners Semi-Final";"Koopa Armada"
"133";"UF";"Ultimate";2;;"Maleson";1;"Winners Semi-Final";"Koopa Armada"
"134";;"Elias";0;;"Roboto";3;"Losers Round 1";"Koopa Armada"
"135";"S6";"Abaca";3;"BC";"Roc~";0;"Losers Round 1";"Koopa Armada"
"136";"AD";"Afro";3;"TSL";"Jab Air";2;"Losers Round 1";"Koopa Armada"
"137";;"Cyber Twilight";3;;"Roboto";2;"Losers Round 2";"Koopa Armada"
"138";"UF";"Sabino";2;;"Maleson";3;"Losers Round 2";"Koopa Armada"
"139";;"Floko";1;"S6";"Abaca";3;"Losers Round 2";"Koopa Armada"
"140";"BenQ";"BeBop";3;"AD";"Afro";0;"Losers Round 2";"Koopa Armada"
"141";"UF";"Ultimate";3;"BenQ";"BeBop";0;"Winners Quarter-Final";"Koopa Armada"
"142";;"Floko";0;;"gamer girl";3;"Winners Quarter-Final";"Koopa Armada"
"143";"UF";"Sabino";0;;"Sosser";3;"Winners Quarter-Final";"Koopa Armada"
"144";"FDP";"Luffy";3;;"Cyber Twilight";0;"Winners Quarter-Final";"Koopa Armada"
"145";;"Maleson";3;;"Cyber Twilight";0;"Losers Round 3";"Koopa Armada"
"146";"BenQ";"BeBop";3;"S6";"Abaca";2;"Losers Round 3";"Koopa Armada"
"147";"UF";"Ultimate";3;;"Maleson";1;"Losers Quarter-Final";"Koopa Armada"
"148";;"Sosser";3;"BenQ";"BeBop";2;"Losers Quarter-Final";"Koopa Armada"
"149";;"gamer girl";3;"UF";"Ultimate";0;"Winners Semi-Final";"Koopa Armada"
"150";"FDP";"Luffy";3;;"Sosser";0;"Winners Semi-Final";"Koopa Armada"
"151";;"Sosser";1;"UF";"Ultimate";3;"Losers Semi-Final";"Koopa Armada"
"152";"FDP";"Luffy";3;"UF";"Ultimate";0;"Losers Final";"Koopa Armada"
"153";"FDP";"Luffy";2;;"gamer girl";3;"Winners Final";"Koopa Armada"
"154";;"gamer girl";3;"FDP";"Luffy";0;"Grand Final";"Koopa Armada"
"155";"AD";"Elias";0;;"Haxwei";2;"Winners Round 1";"Smash Season Fest: Smash Heat"
"156";;"FR7";0;;"Ace";2;"Winners Round 1";"Smash Season Fest: Smash Heat"
"157";;"Burtao";2;;"Bach";0;"Winners Round 1";"Smash Season Fest: Smash Heat"
"158";;"RndNess";2;;"Jao";1;"Winners Round 1";"Smash Season Fest: Smash Heat"
"159";"BC";"LeoDT";0;;"Arch";2;"Winners Round 1";"Smash Season Fest: Smash Heat"
"160";;"Dcay";0;;"Naty";2;"Winners Round 1";"Smash Season Fest: Smash Heat"
"161";"AD";"Afro";2;;"Ozzy";0;"Winners Round 1";"Smash Season Fest: Smash Heat"
"162";;"Rates";0;;"Ihmo";2;"Winners Round 1";"Smash Season Fest: Smash Heat"
"163";"UF";"Maleson";2;;"Monad0";0;"Winners Round 1";"Smash Season Fest: Smash Heat"
"164";;"Lugia";2;;"Thurler";0;"Winners Round 1";"Smash Season Fest: Smash Heat"
"165";;"Amortaxx";2;;"Fakinha";0;"Winners Round 1";"Smash Season Fest: Smash Heat"
"166";;"Ditro";1;;"Bent";2;"Winners Round 1";"Smash Season Fest: Smash Heat"
"167";"BenQ";"BeBop";0;;"Vyse";2;"Winners Round 1";"Smash Season Fest: Smash Heat"
"168";;"Mimok";2;;"Sully";0;"Winners Round 1";"Smash Season Fest: Smash Heat"
"169";;"Simic";0;;"gamer girl";2;"Winners Round 1";"Smash Season Fest: Smash Heat"
"170";;"Dr. Lemos";1;"AD";"Elias";2;"Losers Round 1";"Smash Season Fest: Smash Heat"
"171";"BC";"RevoS";2;;"FR7";0;"Losers Round 1";"Smash Season Fest: Smash Heat"
"172";"BC";"RoD";2;;"Bach";0;"Losers Round 1";"Smash Season Fest: Smash Heat"
"173";"UF";"Luma";0;;"Jao";2;"Losers Round 1";"Smash Season Fest: Smash Heat"
"174";;"Sem chance";2;"BC";"LeoDT";0;"Losers Round 1";"Smash Season Fest: Smash Heat"
"175";"AD";"Gim";2;;"Ozzy";1;"Losers Round 1";"Smash Season Fest: Smash Heat"
"176";;"Minus";2;;"Rates";0;"Losers Round 1";"Smash Season Fest: Smash Heat"
"177";;"Ihmo";2;;"Monad0";0;"Losers Round 1";"Smash Season Fest: Smash Heat"
"178";"BC";"HeadBenzi";2;;"Thurler";0;"Losers Round 1";"Smash Season Fest: Smash Heat"
"179";;"Naty";0;;"Fakinha";2;"Losers Round 1";"Smash Season Fest: Smash Heat"
"180";;"RndNess";1;"BenQ";"BeBop";2;"Losers Round 1";"Smash Season Fest: Smash Heat"
"181";;"Ace";2;;"Sully";0;"Losers Round 1";"Smash Season Fest: Smash Heat"
"182";;"Thi Festa";2;;"Simic";0;"Losers Round 1";"Smash Season Fest: Smash Heat"
"183";"BC";"HeadBenzi";1;"AD";"Afro";2;"Winners Round 2";"Smash Season Fest: Smash Heat"
"184";;"Roboto";2;;"Ihmo";0;"Winners Round 2";"Smash Season Fest: Smash Heat"
"185";;"Minus";1;"UF";"Maleson";2;"Winners Round 2";"Smash Season Fest: Smash Heat"
"186";"AD";"Gim";0;;"Lugia";2;"Winners Round 2";"Smash Season Fest: Smash Heat"
"187";"UF";"Ultimate";2;;"Amortaxx";0;"Winners Round 2";"Smash Season Fest: Smash Heat"
"188";;"Sem chance";1;;"Bent";2;"Winners Round 2";"Smash Season Fest: Smash Heat"
"189";"UF";"Luma";0;;"Vyse";2;"Winners Round 2";"Smash Season Fest: Smash Heat"
"190";"DSadvogado";"Joaoarara";2;"BC";"RoD";0;"Winners Round 2";"Smash Season Fest: Smash Heat"
"191";"BC";"RevoS";1;;"Mimok";2;"Winners Round 2";"Smash Season Fest: Smash Heat"
"192";;"Dr. Lemos";0;;"gamer girl";2;"Winners Round 2";"Smash Season Fest: Smash Heat"
"193";;"Thi Festa";0;;"Haxwei";2;"Winners Round 2";"Smash Season Fest: Smash Heat"
"194";"UF";"Sabino";2;;"Ace";0;"Winners Round 2";"Smash Season Fest: Smash Heat"
"195";"AD";"Pete";0;;"Burtao";2;"Winners Round 2";"Smash Season Fest: Smash Heat"
"196";;"Roc~";2;;"RndNess";0;"Winners Round 2";"Smash Season Fest: Smash Heat"
"197";;"Flamon";1;;"Arch";2;"Winners Round 2";"Smash Season Fest: Smash Heat"
"198";"UF";"Prime";2;;"Naty";0;"Winners Round 2";"Smash Season Fest: Smash Heat"
"199";"BC";"RevoS";2;"AD";"Elias";0;"Losers Round 2";"Smash Season Fest: Smash Heat"
"200";;"Jao";2;"BC";"RoD";0;"Losers Round 2";"Smash Season Fest: Smash Heat"
"201";;"Amortaxx";2;;"Sem chance";1;"Losers Round 2";"Smash Season Fest: Smash Heat"
"202";;"Minus";2;"AD";"Gim";1;"Losers Round 2";"Smash Season Fest: Smash Heat"
"203";"BC";"HeadBenzi";2;;"Ihmo";0;"Losers Round 2";"Smash Season Fest: Smash Heat"
"204";;"Flamon";0;;"Fakinha";2;"Losers Round 2";"Smash Season Fest: Smash Heat"
"205";"AD";"Pete";0;"BenQ";"BeBop";2;"Losers Round 2";"Smash Season Fest: Smash Heat"
"206";;"Thi Festa";2;;"Ace";1;"Losers Round 2";"Smash Season Fest: Smash Heat"
"207";;"Roboto";2;"BC";"RevoS";0;"Losers Round 3";"Smash Season Fest: Smash Heat"
"208";;"Arch";2;;"Jao";1;"Losers Round 3";"Smash Season Fest: Smash Heat"
"209";;"Burtao";0;;"Amortaxx";2;"Losers Round 3";"Smash Season Fest: Smash Heat"
"210";;"Haxwei";2;;"Minus";1;"Losers Round 3";"Smash Season Fest: Smash Heat"
"211";;"Mimok";2;"BC";"HeadBenzi";0;"Losers Round 3";"Smash Season Fest: Smash Heat"
"212";;"Vyse";2;;"Fakinha";1;"Losers Round 3";"Smash Season Fest: Smash Heat"
"213";;"Bent";2;"BenQ";"BeBop";0;"Losers Round 3";"Smash Season Fest: Smash Heat"
"214";"UF";"Maleson";2;;"Thi Festa";0;"Losers Round 3";"Smash Season Fest: Smash Heat"
"215";"UF";"Sabino";2;;"Haxwei";1;"Winners Round 3";"Smash Season Fest: Smash Heat"
"216";;"Roc~";2;;"Burtao";1;"Winners Round 3";"Smash Season Fest: Smash Heat"
"217";"UF";"Prime";2;;"Arch";1;"Winners Round 3";"Smash Season Fest: Smash Heat"
"218";;"Roboto";0;"AD";"Afro";2;"Winners Round 3";"Smash Season Fest: Smash Heat"
"219";;"Lugia";2;"UF";"Maleson";0;"Winners Round 3";"Smash Season Fest: Smash Heat"
"220";;"Bent";1;"UF";"Ultimate";2;"Winners Round 3";"Smash Season Fest: Smash Heat"
"221";"DSadvogado";"Joaoarara";2;;"Vyse";0;"Winners Round 3";"Smash Season Fest: Smash Heat"
"222";;"gamer girl";2;;"Mimok";0;"Winners Round 3";"Smash Season Fest: Smash Heat"
"223";;"Arch";0;;"Roboto";2;"Losers Round 4";"Smash Season Fest: Smash Heat"
"224";;"Haxwei";2;;"Amortaxx";0;"Losers Round 4";"Smash Season Fest: Smash Heat"
"225";;"Vyse";0;;"Mimok";2;"Losers Round 4";"Smash Season Fest: Smash Heat"
"226";"UF";"Maleson";0;;"Bent";2;"Losers Round 4";"Smash Season Fest: Smash Heat"
"227";;"Lugia";1;;"Roboto";2;"Losers Round 5";"Smash Season Fest: Smash Heat"
"228";"DSadvogado";"Joaoarara";2;;"Haxwei";1;"Losers Round 5";"Smash Season Fest: Smash Heat"
"229";"UF";"Sabino";2;;"Mimok";1;"Losers Round 5";"Smash Season Fest: Smash Heat"
"230";"UF";"Prime";2;;"Bent";0;"Losers Round 5";"Smash Season Fest: Smash Heat"
"231";;"Roc~";2;"UF";"Sabino";1;"Winners Quarter-Final";"Smash Season Fest: Smash Heat"
"232";"AD";"Afro";2;"UF";"Prime";0;"Winners Quarter-Final";"Smash Season Fest: Smash Heat"
"233";"UF";"Ultimate";2;;"Lugia";1;"Winners Quarter-Final";"Smash Season Fest: Smash Heat"
"234";;"gamer girl";2;"DSadvogado";"Joaoarara";0;"Winners Quarter-Final";"Smash Season Fest: Smash Heat"
"235";"DSadvogado";"Joaoarara";0;;"Roboto";3;"Losers Round 6";"Smash Season Fest: Smash Heat"
"236";"UF";"Prime";0;"UF";"Sabino";3;"Losers Round 6";"Smash Season Fest: Smash Heat"
"237";"AD";"Afro";2;;"Roc~";3;"Winners Semi-Final";"Smash Season Fest: Smash Heat"
"238";;"gamer girl";3;"UF";"Ultimate";1;"Winners Semi-Final";"Smash Season Fest: Smash Heat"
"239";"UF";"Sabino";0;;"Roboto";3;"Losers Semi-Final";"Smash Season Fest: Smash Heat"
"240";;"Roc~";1;;"Roboto";3;"Losers Final";"Smash Season Fest: Smash Heat"
"241";;"gamer girl";3;;"Roc~";0;"Winners Final";"Smash Season Fest: Smash Heat"
"242";;"gamer girl";3;;"Roboto";1;"Grand Final";"Smash Season Fest: Smash Heat"
"243";;"Mimok";2;;"ace";1;"Winners Round 1";"Smash Heat 2"
"244";;"Maleson";2;"ROT";"Lance";0;"Winners Round 1";"Smash Heat 2"
"245";;"Ihmo";2;;"JoJo Rama";0;"Winners Round 1";"Smash Heat 2"
"246";"UF";"Sabino";2;"BC";"Burtao";0;"Winners Round 1";"Smash Heat 2"
"247";"BC";"RoD";1;;"Ozzy";2;"Winners Round 1";"Smash Heat 2"
"248";"UF";"ChaosPrime";1;"AD";"Pete";2;"Winners Round 1";"Smash Heat 2"
"249";;"Dr. Lemos";2;"UF";"Oliveira";0;"Winners Round 1";"Smash Heat 2"
"250";"BC";"Roc~";2;;"Sully";0;"Winners Round 1";"Smash Heat 2"
"251";"BC";"Thi Festa";0;;"Rates";2;"Winners Round 1";"Smash Heat 2"
"252";"BenQ";"BeBop";2;;"Gim";0;"Winners Round 1";"Smash Heat 2"
"253";"BC";"Amortaxx";2;;"Alonso";0;"Winners Round 1";"Smash Heat 2"
"254";"UF";"Ultimate";2;;"Simic";1;"Winners Round 1";"Smash Heat 2"
"255";"BC";"RevoS";2;;"LUGIA";0;"Winners Round 1";"Smash Heat 2"
"256";"AD";"Afro";0;"BC";"LeoDT";2;"Winners Round 1";"Smash Heat 2"
"257";"BC";"HeadBenzi";2;;"Arch";0;"Winners Round 1";"Smash Heat 2"
"258";"AD";"Roboto";2;;"Bent";0;"Winners Round 1";"Smash Heat 2"
"259";"ROT";"Lance";1;;"ace";2;"Losers Round 1";"Smash Heat 2"
"260";"BC";"Burtao";2;;"JoJo Rama";0;"Losers Round 1";"Smash Heat 2"
"261";"UF";"ChaosPrime";2;"BC";"RoD";1;"Losers Round 1";"Smash Heat 2"
"262";;"Sully";0;"UF";"Oliveira";2;"Losers Round 1";"Smash Heat 2"
"263";;"Gim";2;"BC";"Thi Festa";1;"Losers Round 1";"Smash Heat 2"
"264";;"Simic";0;;"Alonso";2;"Losers Round 1";"Smash Heat 2"
"265";"AD";"Afro";1;;"LUGIA";2;"Losers Round 1";"Smash Heat 2"
"266";;"Bent";2;;"Arch";0;"Losers Round 1";"Smash Heat 2"
"267";"BC";"HeadBenzi";2;;"ace";0;"Losers Round 2";"Smash Heat 2"
"268";"BC";"LeoDT";2;"BC";"Burtao";0;"Losers Round 2";"Smash Heat 2"
"269";"UF";"Ultimate";2;"UF";"ChaosPrime";0;"Losers Round 2";"Smash Heat 2"
"270";;"Rates";0;"UF";"Oliveira";2;"Losers Round 2";"Smash Heat 2"
"271";"BC";"Roc~";2;;"Gim";0;"Losers Round 2";"Smash Heat 2"
"272";"AD";"Pete";0;;"Alonso";2;"Losers Round 2";"Smash Heat 2"
"273";;"Ihmo";0;;"LUGIA";2;"Losers Round 2";"Smash Heat 2"
"274";;"Maleson";0;;"Bent";2;"Losers Round 2";"Smash Heat 2"
"275";;"Maleson";0;;"Mimok";2;"Winners Round 2";"Smash Heat 2"
"276";"UF";"Sabino";2;;"Ihmo";0;"Winners Round 2";"Smash Heat 2"
"277";"AD";"Pete";0;;"Ozzy";2;"Winners Round 2";"Smash Heat 2"
"278";"BC";"Roc~";1;;"Dr. Lemos";2;"Winners Round 2";"Smash Heat 2"
"279";"BenQ";"BeBop";2;;"Rates";0;"Winners Round 2";"Smash Heat 2"
"280";"UF";"Ultimate";0;"BC";"Amortaxx";2;"Winners Round 2";"Smash Heat 2"
"281";"BC";"LeoDT";1;"BC";"RevoS";2;"Winners Round 2";"Smash Heat 2"
"282";"AD";"Roboto";2;"BC";"HeadBenzi";0;"Winners Round 2";"Smash Heat 2"
"283";"BC";"LeoDT";2;"BC";"HeadBenzi";0;"Losers Round 3";"Smash Heat 2"
"284";"UF";"Oliveira";1;"UF";"Ultimate";2;"Losers Round 3";"Smash Heat 2"
"285";;"Alonso";0;"BC";"Roc~";2;"Losers Round 3";"Smash Heat 2"
"286";;"Bent";2;;"LUGIA";1;"Losers Round 3";"Smash Heat 2"
"287";;"Ozzy";0;"BC";"LeoDT";2;"Losers Round 4";"Smash Heat 2"
"288";;"Mimok";2;"UF";"Ultimate";1;"Losers Round 4";"Smash Heat 2"
"289";"AD";"Roboto";2;"BC";"Roc~";1;"Losers Round 4";"Smash Heat 2"
"290";"BC";"Amortaxx";0;;"Bent";2;"Losers Round 4";"Smash Heat 2"
"291";"BC";"Amortaxx";0;"BenQ";"BeBop";2;"Winners Quarter-Final";"Smash Heat 2"
"292";"AD";"Roboto";0;"BC";"RevoS";2;"Winners Quarter-Final";"Smash Heat 2"
"293";"UF";"Sabino";2;;"Mimok";0;"Winners Quarter-Final";"Smash Heat 2"
"294";;"Dr. Lemos";2;;"Ozzy";0;"Winners Quarter-Final";"Smash Heat 2"
"295";;"Mimok";3;"BC";"LeoDT";1;"Losers Round 5";"Smash Heat 2"
"296";;"Bent";0;"AD";"Roboto";3;"Losers Round 5";"Smash Heat 2"
"297";"BenQ";"BeBop";3;;"Mimok";0;"Losers Quarter-Final";"Smash Heat 2"
"298";;"Dr. Lemos";0;"AD";"Roboto";3;"Losers Quarter-Final";"Smash Heat 2"
"299";;"Dr. Lemos";1;"UF";"Sabino";3;"Winners Semi-Final";"Smash Heat 2"
"300";"BC";"RevoS";3;"BenQ";"BeBop";0;"Winners Semi-Final";"Smash Heat 2"
"301";"AD";"Roboto";3;"BenQ";"BeBop";1;"Losers Semi-Final";"Smash Heat 2"
"302";"UF";"Sabino";1;"AD";"Roboto";3;"Losers Final";"Smash Heat 2"
"303";"BC";"RevoS";3;"UF";"Sabino";0;"Winners Final";"Smash Heat 2"
"304";"BC";"RevoS";3;"AD";"Roboto";0;"Grand Final";"Smash Heat 2"
"305";;"Bach";1;;"Ihmo";2;"Winners Round 1";"Smash N' Magic"
"306";;"LUGIA";2;;"Kira";0;"Winners Round 1";"Smash N' Magic"
"307";;"Simic";2;"ROT";"FyFox";0;"Winners Round 1";"Smash N' Magic"
"308";"AD";"Pete";1;;"Raphael Vieitas";2;"Winners Round 1";"Smash N' Magic"
"309";"SD";"Drutar";0;"UF";"Oliveira";2;"Winners Round 1";"Smash N' Magic"
"310";;"JoJo Rama";0;;"Dottori";2;"Winners Round 1";"Smash N' Magic"
"311";;"Vlory";1;;"Snek";2;"Winners Round 1";"Smash N' Magic"
"312";;"Polon";2;;"ippo";0;"Winners Round 1";"Smash N' Magic"
"313";"MK";"MICK";0;"BC";"LeoDT";2;"Winners Round 1";"Smash N' Magic"
"314";"UF";"ChaosPrime";2;;"Arch";0;"Winners Round 1";"Smash N' Magic"
"315";;"Owlogy";0;;"Inu";2;"Winners Round 1";"Smash N' Magic"
"316";"AD";"Gim";2;;"FritzThe2";0;"Winners Round 1";"Smash N' Magic"
"317";;"Ozzy";2;;"Sandman";0;"Winners Round 1";"Smash N' Magic"
"318";;"Ryvius";0;;"RndNess";2;"Winners Round 1";"Smash N' Magic"
"319";;"Ramon";0;;"Haxwei";2;"Winners Round 1";"Smash N' Magic"
"320";"AD";"Floko";2;;"Alonso";0;"Winners Round 1";"Smash N' Magic"
"321";;"Decnop";0;;"Naty";2;"Winners Round 1";"Smash N' Magic"
"322";;"Magician";0;;"Ace";2;"Winners Round 1";"Smash N' Magic"
"323";;"S/Chance";2;;"IzZI127";0;"Winners Round 1";"Smash N' Magic"
"324";"UF";"Maleson";2;"Nikkity";"Considera";0;"Winners Round 1";"Smash N' Magic"
"325";"BC";"RoD";0;;"Unexpected";2;"Winners Round 1";"Smash N' Magic"
"326";;"FR7";1;;"DJ";2;"Winners Round 1";"Smash N' Magic"
"327";;"Bbrazils";1;;"Vallcrist";2;"Winners Round 1";"Smash N' Magic"
"328";"AD";"Pete";1;;"Bach";2;"Losers Round 1";"Smash N' Magic"
"329";;"JoJo Rama";0;;"Kira";2;"Losers Round 1";"Smash N' Magic"
"330";;"Vlory";0;"ROT";"FyFox";2;"Losers Round 1";"Smash N' Magic"
"331";;"Alonso";2;;"FritzThe2";0;"Losers Round 1";"Smash N' Magic"
"332";;"Magician";0;;"Ryvius";2;"Losers Round 1";"Smash N' Magic"
"333";;"IzZI127";0;;"Ramon";2;"Losers Round 1";"Smash N' Magic"
"334";;"Decnop";1;;"Sandman";2;"Losers Round 1";"Smash N' Magic"
"335";"UF";"Maleson";2;;"Bach";0;"Losers Round 2";"Smash N' Magic"
"336";;"DJ";2;;"Kira";0;"Losers Round 2";"Smash N' Magic"
"337";;"Vallcrist";1;"ROT";"FyFox";2;"Losers Round 2";"Smash N' Magic"
"338";"AD";"Gim";2;;"ippo";0;"Losers Round 2";"Smash N' Magic"
"339";;"RndNess";1;;"Arch";2;"Losers Round 2";"Smash N' Magic"
"340";;"S/Chance";2;;"Owlogy";0;"Losers Round 2";"Smash N' Magic"
"341";;"Polon";2;;"Alonso";0;"Losers Round 2";"Smash N' Magic"
"342";;"Unexpected";0;"SD";"Drutar";2;"Losers Round 2";"Smash N' Magic"
"343";"UF";"ChaosPrime";2;;"Ryvius";0;"Losers Round 2";"Smash N' Magic"
"344";;"Inu";0;;"Ramon";2;"Losers Round 2";"Smash N' Magic"
"345";;"Raphael Vieitas";0;"Nikkity";"Considera";2;"Losers Round 2";"Smash N' Magic"
"346";;"Naty";2;"MK";"MICK";0;"Losers Round 2";"Smash N' Magic"
"347";;"Dottori";0;;"FR7";2;"Losers Round 2";"Smash N' Magic"
"348";;"Snek";1;;"Bbrazils";2;"Losers Round 2";"Smash N' Magic"
"349";"BC";"LeoDT";2;;"Sandman";0;"Losers Round 2";"Smash N' Magic"
"350";"DSadvogado";"Joaoarara";2;"BC";"RoD";0;"Losers Round 2";"Smash N' Magic"
"351";;"Raphael Vieitas";0;;"Ihmo";2;"Winners Quarter-Final";"Smash N' Magic"
"352";;"Dottori";0;;"LUGIA";2;"Winners Quarter-Final";"Smash N' Magic"
"353";;"Snek";0;;"Simic";2;"Winners Quarter-Final";"Smash N' Magic"
"354";"BenQ";"BeBop";2;;"Polon";0;"Winners Quarter-Final";"Smash N' Magic"
"355";"DSadvogado";"Joaoarara";0;"UF";"Oliveira";2;"Winners Quarter-Final";"Smash N' Magic"
"356";"AD";"Afro";2;"UF";"ChaosPrime";0;"Winners Quarter-Final";"Smash N' Magic"
"357";"UF";"Ultimate";2;;"Inu";0;"Winners Quarter-Final";"Smash N' Magic"
"358";"AD";"Floko";2;"AD";"Gim";0;"Winners Quarter-Final";"Smash N' Magic"
"359";;"Cyber Twilight";2;"BC";"LeoDT";0;"Winners Quarter-Final";"Smash N' Magic"
"360";;"Ace";2;;"RndNess";0;"Winners Quarter-Final";"Smash N' Magic"
"361";;"S/Chance";0;;"Haxwei";2;"Winners Quarter-Final";"Smash N' Magic"
"362";"BC";"RevoS";2;"UF";"Maleson";0;"Winners Quarter-Final";"Smash N' Magic"
"363";;"Naty";0;;"Ozzy";2;"Winners Quarter-Final";"Smash N' Magic"
"364";"FDP";"Luffy";2;;"DJ";0;"Winners Quarter-Final";"Smash N' Magic"
"365";"AD";"Roboto";2;;"Vallcrist";0;"Winners Quarter-Final";"Smash N' Magic"
"366";"1uptg";"Sky";2;;"Unexpected";0;"Winners Quarter-Final";"Smash N' Magic"
"367";"AD";"Gim";0;"UF";"Maleson";2;"Losers Round 3";"Smash N' Magic"
"368";;"Arch";1;;"DJ";2;"Losers Round 3";"Smash N' Magic"
"369";;"S/Chance";2;"ROT";"FyFox";0;"Losers Round 3";"Smash N' Magic"
"370";"Nikkity";"Considera";1;;"Polon";2;"Losers Round 3";"Smash N' Magic"
"371";;"FR7";1;"UF";"ChaosPrime";2;"Losers Round 3";"Smash N' Magic"
"372";;"Bbrazils";1;;"Ramon";2;"Losers Round 3";"Smash N' Magic"
"373";;"Naty";0;"SD";"Drutar";2;"Losers Round 3";"Smash N' Magic"
"374";"DSadvogado";"Joaoarara";1;"BC";"LeoDT";2;"Losers Round 3";"Smash N' Magic"
"375";"BenQ";"BeBop";1;"UF";"Maleson";2;"Losers Quarter-Final";"Smash N' Magic"
"376";"AD";"Afro";0;;"DJ";2;"Losers Quarter-Final";"Smash N' Magic"
"377";;"Simic";0;;"S/Chance";2;"Losers Quarter-Final";"Smash N' Magic"
"378";"BC";"RevoS";2;;"Polon";0;"Losers Quarter-Final";"Smash N' Magic"
"379";;"Ace";1;"UF";"ChaosPrime";2;"Losers Quarter-Final";"Smash N' Magic"
"380";;"Haxwei";2;;"Ramon";1;"Losers Quarter-Final";"Smash N' Magic"
"381";"UF";"Oliveira";2;"SD";"Drutar";0;"Losers Quarter-Final";"Smash N' Magic"
"382";;"Ozzy";2;"BC";"LeoDT";0;"Losers Quarter-Final";"Smash N' Magic"
"383";"BenQ";"BeBop";1;;"Ihmo";2;"Winners Semi-Final";"Smash N' Magic"
"384";"AD";"Afro";0;;"LUGIA";2;"Winners Semi-Final";"Smash N' Magic"
"385";"UF";"Ultimate";2;;"Simic";0;"Winners Semi-Final";"Smash N' Magic"
"386";"BC";"RevoS";1;"AD";"Floko";2;"Winners Semi-Final";"Smash N' Magic"
"387";;"Cyber Twilight";2;"UF";"Oliveira";0;"Winners Semi-Final";"Smash N' Magic"
"388";"FDP";"Luffy";2;;"Ace";0;"Winners Semi-Final";"Smash N' Magic"
"389";"AD";"Roboto";2;;"Haxwei";0;"Winners Semi-Final";"Smash N' Magic"
"390";"1uptg";"Sky";2;;"Ozzy";0;"Winners Semi-Final";"Smash N' Magic"
"391";"UF";"Maleson";0;"UF";"ChaosPrime";2;"Losers Round 1";"Smash N' Magic"
"392";;"DJ";0;"BC";"RevoS";2;"Losers Round 1";"Smash N' Magic"
"393";;"S/Chance";2;;"Ozzy";0;"Losers Round 1";"Smash N' Magic"
"394";"UF";"Oliveira";2;;"Haxwei";1;"Losers Round 1";"Smash N' Magic"
"395";;"Cyber Twilight";2;"UF";"ChaosPrime";0;"Losers Round 2";"Smash N' Magic"
"396";"AD";"Roboto";0;"BC";"RevoS";2;"Losers Round 2";"Smash N' Magic"
"397";;"LUGIA";2;;"S/Chance";0;"Losers Round 2";"Smash N' Magic"
"398";;"Ihmo";1;"UF";"Oliveira";2;"Losers Round 2";"Smash N' Magic"
"399";"AD";"Floko";2;;"Ihmo";0;"Winners Quarter-Final";"Smash N' Magic"
"400";"FDP";"Luffy";2;;"LUGIA";1;"Winners Quarter-Final";"Smash N' Magic"
"401";"AD";"Roboto";1;"UF";"Ultimate";2;"Winners Quarter-Final";"Smash N' Magic"
"402";"1uptg";"Sky";2;;"Cyber Twilight";1;"Winners Quarter-Final";"Smash N' Magic"
"403";"BC";"RevoS";3;;"Cyber Twilight";0;"Losers Round 3";"Smash N' Magic"
"404";"UF";"Oliveira";0;;"LUGIA";3;"Losers Round 3";"Smash N' Magic"
"405";"AD";"Floko";0;"BC";"RevoS";3;"Losers Quarter-Final";"Smash N' Magic"
"406";"UF";"Ultimate";2;;"LUGIA";3;"Losers Quarter-Final";"Smash N' Magic"
"407";"FDP";"Luffy";3;"AD";"Floko";1;"Winners Semi-Final";"Smash N' Magic"
"408";"1uptg";"Sky";3;"UF";"Ultimate";1;"Winners Semi-Final";"Smash N' Magic"
"409";;"LUGIA";2;"BC";"RevoS";3;"Losers Semi-Final";"Smash N' Magic"
"410";"FDP";"Luffy";2;"BC";"RevoS";3;"Losers Final";"Smash N' Magic"
"411";"1uptg";"Sky";3;"FDP";"Luffy";2;"Winners Final";"Smash N' Magic"
"412";"1uptg";"Sky";3;"BC";"RevoS";0;"Grand Final";"Smash N' Magic"
"413";;"Naty";0;"TB";"Dr. NEF<c1>RIO";2;"Winners Round 1";"Smash N' Magic - 2nd Edition"
"414";;"Sully";0;"TB";"GUCCI";2;"Winners Round 1";"Smash N' Magic - 2nd Edition"
"415";;"S/Chance";2;;"Alonso";0;"Winners Round 1";"Smash N' Magic - 2nd Edition"
"416";"TB";"Oops";2;;"Bach";0;"Winners Round 1";"Smash N' Magic - 2nd Edition"
"417";;"Pova";0;"ROT";"FyFox";2;"Winners Round 1";"Smash N' Magic - 2nd Edition"
"418";"UF";"ChaosPrime";1;"TB";"mysterE";2;"Winners Round 1";"Smash N' Magic - 2nd Edition"
"419";;"Maycky";2;;"Ace";1;"Winners Round 1";"Smash N' Magic - 2nd Edition"
"420";"TWS";"MICK";0;;"Wright";2;"Winners Round 1";"Smash N' Magic - 2nd Edition"
"421";"SA";"Gim";2;"ROT";"Ozzy";0;"Winners Round 1";"Smash N' Magic - 2nd Edition"
"422";;"Saiduke";2;"TB";"Caveira";0;"Winners Round 1";"Smash N' Magic - 2nd Edition"
"423";;"Luckstorm";0;;"Haxwei";2;"Winners Round 1";"Smash N' Magic - 2nd Edition"
"424";;"Owlogy";0;"TWS";"JBB";2;"Winners Round 1";"Smash N' Magic - 2nd Edition"
"425";"TB";"Anal_utz";0;;"Simic";2;"Winners Round 1";"Smash N' Magic - 2nd Edition"
"426";"PLG";"Golfinho";0;"UF";"Maleson";2;"Winners Round 1";"Smash N' Magic - 2nd Edition"
"427";;"Bbrazils";1;"ROT";"Conker";2;"Winners Round 1";"Smash N' Magic - 2nd Edition"
"428";;"Firinplinplin";2;;"FR7";0;"Winners Round 1";"Smash N' Magic - 2nd Edition"
"429";;"Guizo";2;;"Lily";0;"Winners Round 1";"Smash N' Magic - 2nd Edition"
"430";"TB";"Anal_utz";0;"ROT";"Ozzy";2;"Losers Round 1";"Smash N' Magic - 2nd Edition"
"431";"PLG";"Golfinho";2;"TB";"Caveira";0;"Losers Round 1";"Smash N' Magic - 2nd Edition"
"432";;"Firinplinplin";0;;"Naty";2;"Losers Round 2";"Smash N' Magic - 2nd Edition"
"433";;"Guizo";0;;"Sully";2;"Losers Round 2";"Smash N' Magic - 2nd Edition"
"434";"SA";"Gim";2;;"Pova";0;"Losers Round 2";"Smash N' Magic - 2nd Edition"
"435";;"Saiduke";1;"UF";"ChaosPrime";2;"Losers Round 2";"Smash N' Magic - 2nd Edition"
"436";"ROT";"Conker";0;;"Alonso";2;"Losers Round 1";"Smash N' Magic - 2nd Edition"
"437";;"Morkez";2;;"Bach";0;"Losers Round 1";"Smash N' Magic - 2nd Edition"
"438";"ROT";"FyFox";0;"ROT";"Ozzy";2;"Losers Round 2";"Smash N' Magic - 2nd Edition"
"439";;"Mimok";1;"PLG";"Golfinho";2;"Losers Round 2";"Smash N' Magic - 2nd Edition"
"440";;"Polon";0;;"Ace";2;"Losers Round 1";"Smash N' Magic - 2nd Edition"
"441";"TWS";"JBB";2;"TWS";"MICK";0;"Losers Round 1";"Smash N' Magic - 2nd Edition"
"442";"AD";"Afro";2;;"FR7";0;"Losers Round 2";"Smash N' Magic - 2nd Edition"
"443";"TB";"GUCCI";2;;"Lily";0;"Losers Round 2";"Smash N' Magic - 2nd Edition"
"444";;"Maycky";0;;"Luckstorm";2;"Losers Round 1";"Smash N' Magic - 2nd Edition"
"445";;"Wright";2;;"Owlogy";0;"Losers Round 1";"Smash N' Magic - 2nd Edition"
"446";"TB";"Oops";2;;"Raphael Vieitas";0;"Losers Round 1";"Smash N' Magic - 2nd Edition"
"447";;"S/Chance";2;;"Bbrazils";0;"Losers Round 1";"Smash N' Magic - 2nd Edition"
"448";"AD";"Afro";1;"TB";"Dr. NEF<c1>RIO";2;"Winners Quarter-Final";"Smash N' Magic - 2nd Edition"
"449";;"Jo<e3>o Lagoas";2;"TB";"GUCCI";0;"Winners Quarter-Final";"Smash N' Magic - 2nd Edition"
"450";"1uptg";"Djudjo";2;;"S/Chance";0;"Winners Quarter-Final";"Smash N' Magic - 2nd Edition"
"451";"DSadv";"Joaoarara";2;"TB";"Oops";0;"Winners Quarter-Final";"Smash N' Magic - 2nd Edition"
"452";"BenQ";"BeBop";2;"ROT";"FyFox";0;"Winners Quarter-Final";"Smash N' Magic - 2nd Edition"
"453";;"Mimok";1;"TB";"mysterE";2;"Winners Quarter-Final";"Smash N' Magic - 2nd Edition"
"454";"AD";"Floko";2;;"Wright";0;"Winners Quarter-Final";"Smash N' Magic - 2nd Edition"
"455";"UF";"Ultimate";2;;"Maycky";0;"Winners Quarter-Final";"Smash N' Magic - 2nd Edition"
"456";;"Simic";2;"SA";"Gim";0;"Winners Quarter-Final";"Smash N' Magic - 2nd Edition"
"457";"UF";"Maleson";2;;"Saiduke";0;"Winners Quarter-Final";"Smash N' Magic - 2nd Edition"
"458";"AD";"Elias";2;"TWS";"JBB";1;"Winners Quarter-Final";"Smash N' Magic - 2nd Edition"
"459";;"Polon";0;;"Haxwei";2;"Winners Quarter-Final";"Smash N' Magic - 2nd Edition"
"460";"WasF";"Sky";2;;"Firinplinplin";0;"Winners Quarter-Final";"Smash N' Magic - 2nd Edition"
"461";"WasF";"RevoS";2;;"Guizo";0;"Winners Quarter-Final";"Smash N' Magic - 2nd Edition"
"462";"AD";"Roboto";2;"ROT";"Conker";0;"Winners Quarter-Final";"Smash N' Magic - 2nd Edition"
"463";"Suvinil";"Luffy";2;;"Morkez";0;"Winners Quarter-Final";"Smash N' Magic - 2nd Edition"
"464";"SA";"Gim";1;;"Naty";2;"Losers Round 3";"Smash N' Magic - 2nd Edition"
"465";"UF";"ChaosPrime";2;;"Sully";0;"Losers Round 3";"Smash N' Magic - 2nd Edition"
"466";"AD";"Afro";2;"ROT";"Ozzy";0;"Losers Round 3";"Smash N' Magic - 2nd Edition"
"467";"TB";"GUCCI";0;"PLG";"Golfinho";2;"Losers Round 3";"Smash N' Magic - 2nd Edition"
"468";;"Ace";2;;"Alonso";0;"Losers Round 2";"Smash N' Magic - 2nd Edition"
"469";"TWS";"JBB";2;;"Morkez";1;"Losers Round 2";"Smash N' Magic - 2nd Edition"
"470";;"S/Chance";2;;"Luckstorm";1;"Losers Round 2";"Smash N' Magic - 2nd Edition"
"471";"TB";"Oops";1;;"Wright";2;"Losers Round 2";"Smash N' Magic - 2nd Edition"
"472";"BenQ";"BeBop";2;;"Naty";0;"Losers Quarter-Final";"Smash N' Magic - 2nd Edition"
"473";"TB";"mysterE";0;"UF";"ChaosPrime";2;"Losers Quarter-Final";"Smash N' Magic - 2nd Edition"
"474";;"Simic";1;"AD";"Afro";2;"Losers Quarter-Final";"Smash N' Magic - 2nd Edition"
"475";"UF";"Maleson";1;"PLG";"Golfinho";2;"Losers Quarter-Final";"Smash N' Magic - 2nd Edition"
"476";"1uptg";"Djudjo";2;;"Ace";1;"Losers Quarter-Final";"Smash N' Magic - 2nd Edition"
"477";"DSadv";"Joaoarara";0;"TWS";"JBB";2;"Losers Quarter-Final";"Smash N' Magic - 2nd Edition"
"478";;"Haxwei";0;;"S/Chance";2;"Losers Quarter-Final";"Smash N' Magic - 2nd Edition"
"479";"AD";"Elias";2;;"Wright";0;"Losers Quarter-Final";"Smash N' Magic - 2nd Edition"
"480";"BenQ";"BeBop";0;"TB";"Dr. NEF<c1>RIO";2;"Winners Semi-Final";"Smash N' Magic - 2nd Edition"
"481";"TB";"mysterE";1;;"Jo<e3>o Lagoas";2;"Winners Semi-Final";"Smash N' Magic - 2nd Edition"
"482";"UF";"Ultimate";2;"1uptg";"Djudjo";0;"Winners Semi-Final";"Smash N' Magic - 2nd Edition"
"483";"AD";"Floko";2;"DSadv";"Joaoarara";0;"Winners Semi-Final";"Smash N' Magic - 2nd Edition"
"484";"WasF";"Sky";2;;"Simic";0;"Winners Semi-Final";"Smash N' Magic - 2nd Edition"
"485";"WasF";"RevoS";2;"UF";"Maleson";0;"Winners Semi-Final";"Smash N' Magic - 2nd Edition"
"486";"Suvinil";"Luffy";2;"AD";"Elias";0;"Winners Semi-Final";"Smash N' Magic - 2nd Edition"
"487";"AD";"Roboto";2;;"Haxwei";1;"Winners Semi-Final";"Smash N' Magic - 2nd Edition"
"488";"TWS";"JBB";0;"PLG";"Golfinho";2;"Losers Round 1";"Smash N' Magic - 2nd Edition"
"489";"UF";"ChaosPrime";2;"AD";"Elias";1;"Losers Round 1";"Smash N' Magic - 2nd Edition"
"490";"1uptg";"Djudjo";2;"AD";"Afro";1;"Losers Round 1";"Smash N' Magic - 2nd Edition"
"491";"BenQ";"BeBop";0;;"S/Chance";2;"Losers Round 1";"Smash N' Magic - 2nd Edition"
"492";"TB";"Dr. NEF<c1>RIO";2;"PLG";"Golfinho";0;"Losers Round 2";"Smash N' Magic - 2nd Edition"
"493";"AD";"Roboto";2;"UF";"ChaosPrime";0;"Losers Round 2";"Smash N' Magic - 2nd Edition"
"494";;"Jo<e3>o Lagoas";2;"1uptg";"Djudjo";0;"Losers Round 2";"Smash N' Magic - 2nd Edition"
"495";"WasF";"RevoS";2;;"Jo<e3>o Lagoas";0;"Winners Quarter-Final";"Smash N' Magic - 2nd Edition"
"496";"AD";"Roboto";0;"UF";"Ultimate";2;"Winners Quarter-Final";"Smash N' Magic - 2nd Edition"
"497";"WasF";"Sky";2;"TB";"Dr. NEF<c1>RIO";0;"Winners Quarter-Final";"Smash N' Magic - 2nd Edition"
"498";"AD";"Roboto";3;"TB";"Dr. NEF<c1>RIO";0;"Losers Round 3";"Smash N' Magic - 2nd Edition"
"499";;"S/Chance";2;;"Jo<e3>o Lagoas";3;"Losers Round 3";"Smash N' Magic - 2nd Edition"
"500";"WasF";"RevoS";3;"AD";"Roboto";1;"Losers Quarter-Final";"Smash N' Magic - 2nd Edition"
"501";"WasF";"Sky";3;;"Jo<e3>o Lagoas";1;"Losers Quarter-Final";"Smash N' Magic - 2nd Edition"
"502";"WasF";"RevoS";0;"Suvinil";"Luffy";3;"Winners Semi-Final";"Smash N' Magic - 2nd Edition"
"503";"WasF";"Sky";2;"UF";"Ultimate";3;"Winners Semi-Final";"Smash N' Magic - 2nd Edition"
"504";"WasF";"Sky";0;"WasF";"RevoS";3;"Losers Semi-Final";"Smash N' Magic - 2nd Edition"
"505";"UF";"Ultimate";2;"WasF";"RevoS";3;"Losers Final";"Smash N' Magic - 2nd Edition"
"506";"UF";"Ultimate";0;"Suvinil";"Luffy";3;"Winners Final";"Smash N' Magic - 2nd Edition"
"507";"Suvinil";"Luffy";3;"WasF";"RevoS";0;"Grand Final";"Smash N' Magic - 2nd Edition"
"508";"UF";"Maleson";2;;"Rates";1;"Winners Quarter-Final";"Smash Season Fest: Falling Leaves"
"509";;"Flamon";0;;"FR7";2;"Winners Quarter-Final";"Smash Season Fest: Falling Leaves"
"510";"AD";"Elias";2;;"HeadBenzi";0;"Winners Quarter-Final";"Smash Season Fest: Falling Leaves"
"511";"UF";"Prime";2;"TWS";"MICK";0;"Winners Quarter-Final";"Smash Season Fest: Falling Leaves"
"512";;"LUGIA";2;;"Morkez";1;"Winners Quarter-Final";"Smash Season Fest: Falling Leaves"
"513";;"Sabino";2;;"Muju";1;"Winners Quarter-Final";"Smash Season Fest: Falling Leaves"
"514";"BC";"Amortaxx";2;;"DSK";0;"Winners Quarter-Final";"Smash Season Fest: Falling Leaves"
"515";;"Haxwei";2;;"ROT|Sully";0;"Winners Quarter-Final";"Smash Season Fest: Falling Leaves"
"516";;"Alonso";1;;"Ace";2;"Winners Quarter-Final";"Smash Season Fest: Falling Leaves"
"517";"UF";"Ultimate";2;;"Ozzy";0;"Winners Quarter-Final";"Smash Season Fest: Falling Leaves"
"518";"Suvinil";"Luffy";2;;"Bach";0;"Winners Quarter-Final";"Smash Season Fest: Falling Leaves"
"519";;"RevoS";2;;"Naval";1;"Winners Quarter-Final";"Smash Season Fest: Falling Leaves"
"520";"BenQ";"BeBop";2;;"HeadBenzi";0;"Losers Round 1";"Smash Season Fest: Falling Leaves"
"521";;"Morkez";0;"TWS";"MICK";2;"Losers Round 1";"Smash Season Fest: Falling Leaves"
"522";;"DSK";1;;"Rates";2;"Losers Round 1";"Smash Season Fest: Falling Leaves"
"523";;"Muju";2;;"Flamon";0;"Losers Round 1";"Smash Season Fest: Falling Leaves"
"524";"AD";"Roboto";2;;"Ihmo";1;"Losers Round 1";"Smash Season Fest: Falling Leaves"
"525";;"Bach";0;;"ROT|Sully";2;"Losers Round 1";"Smash Season Fest: Falling Leaves"
"526";;"Ozzy";0;;"Alonso";2;"Losers Round 1";"Smash Season Fest: Falling Leaves"
"527";"BC";"RoD";1;"TWS";"MICK";2;"Losers Quarter-Final";"Smash Season Fest: Falling Leaves"
"528";;"Haxwei";2;;"Rates";0;"Losers Quarter-Final";"Smash Season Fest: Falling Leaves"
"529";;"S/Chance";2;"BenQ";"BeBop";0;"Losers Quarter-Final";"Smash Season Fest: Falling Leaves"
"530";;"Ace";0;;"Muju";2;"Losers Quarter-Final";"Smash Season Fest: Falling Leaves"
"531";"UF";"Prime";0;"AD";"Roboto";2;"Losers Quarter-Final";"Smash Season Fest: Falling Leaves"
"532";;"Luckstorm";0;;"Naval";2;"Losers Quarter-Final";"Smash Season Fest: Falling Leaves"
"533";"UF";"Maleson";2;;"ROT|Sully";0;"Losers Quarter-Final";"Smash Season Fest: Falling Leaves"
"534";;"FR7";2;;"Alonso";1;"Losers Quarter-Final";"Smash Season Fest: Falling Leaves"
"535";;"Luckstorm";0;"AD";"Elias";2;"Winners Semi-Final";"Smash Season Fest: Falling Leaves"
"536";;"LUGIA";2;"UF";"Prime";0;"Winners Semi-Final";"Smash Season Fest: Falling Leaves"
"537";"BC";"Amortaxx";2;"UF";"Maleson";1;"Winners Semi-Final";"Smash Season Fest: Falling Leaves"
"538";;"Sabino";2;;"FR7";0;"Winners Semi-Final";"Smash Season Fest: Falling Leaves"
"539";"BC";"RoD";0;"SA";"Arch";2;"Winners Semi-Final";"Smash Season Fest: Falling Leaves"
"540";"Suvinil";"Luffy";2;;"Haxwei";0;"Winners Semi-Final";"Smash Season Fest: Falling Leaves"
"541";;"RevoS";2;;"S/Chance";1;"Winners Semi-Final";"Smash Season Fest: Falling Leaves"
"542";"UF";"Ultimate";2;;"Ace";0;"Winners Semi-Final";"Smash Season Fest: Falling Leaves"
"543";"UF";"Maleson";2;"TWS";"MICK";0;"Losers Round 1";"Smash Season Fest: Falling Leaves"
"544";"AD";"Roboto";1;;"Haxwei";2;"Losers Round 1";"Smash Season Fest: Falling Leaves"
"545";;"FR7";0;;"S/Chance";2;"Losers Round 1";"Smash Season Fest: Falling Leaves"
"546";;"Naval";2;;"Muju";1;"Losers Round 1";"Smash Season Fest: Falling Leaves"
"547";"AD";"Elias";0;"UF";"Maleson";2;"Losers Round 2";"Smash Season Fest: Falling Leaves"
"548";"UF";"Ultimate";2;;"Haxwei";0;"Losers Round 2";"Smash Season Fest: Falling Leaves"
"549";"SA";"Arch";2;;"S/Chance";0;"Losers Round 2";"Smash Season Fest: Falling Leaves"
"550";"BC";"Amortaxx";2;;"Naval";1;"Losers Round 2";"Smash Season Fest: Falling Leaves"
"551";"Suvinil";"Luffy";2;"BC";"Amortaxx";0;"Winners Quarter-Final";"Smash Season Fest: Falling Leaves"
"552";"SA";"Arch";0;;"LUGIA";2;"Winners Quarter-Final";"Smash Season Fest: Falling Leaves"
"553";"UF";"Ultimate";1;;"Sabino";2;"Winners Quarter-Final";"Smash Season Fest: Falling Leaves"
"554";;"RevoS";2;"AD";"Elias";0;"Winners Quarter-Final";"Smash Season Fest: Falling Leaves"
"555";"UF";"Ultimate";3;"UF";"Maleson";1;"Losers Round 3";"Smash Season Fest: Falling Leaves"
"556";"BC";"Amortaxx";3;"SA";"Arch";0;"Losers Round 3";"Smash Season Fest: Falling Leaves"
"557";;"LUGIA";1;"UF";"Ultimate";3;"Losers Quarter-Final";"Smash Season Fest: Falling Leaves"
"558";;"Sabino";3;"BC";"Amortaxx";1;"Losers Quarter-Final";"Smash Season Fest: Falling Leaves"
"559";;"LUGIA";0;"Suvinil";"Luffy";3;"Winners Semi-Final";"Smash Season Fest: Falling Leaves"
"560";;"RevoS";3;;"Sabino";0;"Winners Semi-Final";"Smash Season Fest: Falling Leaves"
"561";;"Sabino";1;"UF";"Ultimate";3;"Losers Semi-Final";"Smash Season Fest: Falling Leaves"
"562";;"RevoS";2;"UF";"Ultimate";3;"Losers Final";"Smash Season Fest: Falling Leaves"
"563";;"RevoS";0;"Suvinil";"Luffy";3;"Winners Final";"Smash Season Fest: Falling Leaves"
"564";"Suvinil";"Luffy";3;"UF";"Ultimate";1;"Grand Final";"Smash Season Fest: Falling Leaves"
"565";;"FR7";0;;"Anubis570";2;"Winners Round 1";"Twilight's Awakening"
"566";;"RoD";2;;"D4C";0;"Winners Round 1";"Twilight's Awakening"
"567";;"Strig";0;;"Miguelindo";2;"Winners Round 1";"Twilight's Awakening"
"568";;"FyFox";2;;"GUCCI";1;"Winners Round 1";"Twilight's Awakening"
"569";;"Magician";2;;"kiNg";0;"Winners Round 1";"Twilight's Awakening"
"570";"TB";"Chino";2;"SA";"Gim";0;"Winners Round 1";"Twilight's Awakening"
"571";;"mysterE";2;;"D4C";0;"Losers Round 1";"Twilight's Awakening"
"572";;"Joaoarara";2;;"Strig";0;"Losers Round 1";"Twilight's Awakening"
"573";;"Afro";2;;"FR7";0;"Losers Round 1";"Twilight's Awakening"
"574";;"LonLon";0;"SA";"Gim";2;"Losers Round 1";"Twilight's Awakening"
"575";;"ChaosPrime";2;;"GUCCI";0;"Losers Round 1";"Twilight's Awakening"
"576";;"MICK";2;;"LonLon";0;"Winners Quarter-Final";"Twilight's Awakening"
"577";;"ChaosPrime";0;;"Arch";2;"Winners Quarter-Final";"Twilight's Awakening"
"578";;"Vyse";1;;"Mimok";2;"Winners Quarter-Final";"Twilight's Awakening"
"579";"BC";"Amortax";2;;"Considera";0;"Winners Quarter-Final";"Twilight's Awakening"
"580";;"Maleson";2;;"Anubis570";0;"Winners Quarter-Final";"Twilight's Awakening"
"581";;"Fexta!";0;;"Miguelindo";2;"Winners Quarter-Final";"Twilight's Awakening"
"582";;"LUGIA";2;;"RoD";0;"Winners Quarter-Final";"Twilight's Awakening"
"583";;"Firinplinplin";2;;"Afro";0;"Winners Quarter-Final";"Twilight's Awakening"
"584";;"Joaoarara";0;;"Sosser";2;"Winners Quarter-Final";"Twilight's Awakening"
"585";;"S/Chance";2;;"mysterE";0;"Winners Quarter-Final";"Twilight's Awakening"
"586";;"Haxwei";2;;"JBB";0;"Winners Quarter-Final";"Twilight's Awakening"
"587";;"RevoS";2;;"Ozzy";0;"Winners Quarter-Final";"Twilight's Awakening"
"588";;"Luffy";2;;"FyFox";0;"Winners Quarter-Final";"Twilight's Awakening"
"589";;"Sky";2;;"Magician";0;"Winners Quarter-Final";"Twilight's Awakening"
"590";;"Ultimate";2;"TB";"Chino";1;"Winners Quarter-Final";"Twilight's Awakening"
"591";;"mysterE";2;;"Magician";0;"Losers Round 2";"Twilight's Awakening"
"592";;"JBB";2;;"FyFox";1;"Losers Round 2";"Twilight's Awakening"
"593";;"Joaoarara";1;"TB";"Chino";2;"Losers Round 2";"Twilight's Awakening"
"594";;"Afro";2;;"Ozzy";1;"Losers Round 2";"Twilight's Awakening"
"595";;"ChaosPrime";2;;"Considera";1;"Losers Round 2";"Twilight's Awakening"
"596";"SA";"Gim";2;;"Fexta!";0;"Losers Round 2";"Twilight's Awakening"
"597";;"Vyse";2;;"Anubis570";0;"Losers Round 2";"Twilight's Awakening"
"598";;"kiNg";0;;"RoD";2;"Losers Round 2";"Twilight's Awakening"
"599";;"Ihmo";1;;"mysterE";2;"Losers Quarter-Final";"Twilight's Awakening"
"600";;"Arch";0;;"JBB";2;"Losers Quarter-Final";"Twilight's Awakening"
"601";;"Miguelindo";0;"TB";"Chino";2;"Losers Quarter-Final";"Twilight's Awakening"
"602";;"Maleson";1;;"Afro";2;"Losers Quarter-Final";"Twilight's Awakening"
"603";;"S/Chance";2;;"RoD";0;"Losers Quarter-Final";"Twilight's Awakening"
"604";;"Sosser";2;"SA";"Gim";0;"Losers Quarter-Final";"Twilight's Awakening"
"605";;"Haxwei";2;;"ChaosPrime";0;"Losers Quarter-Final";"Twilight's Awakening"
"606";;"Firinplinplin";1;;"Vyse";2;"Losers Quarter-Final";"Twilight's Awakening"
"607";"BC";"Amortax";2;;"Arch";0;"Winners Semi-Final";"Twilight's Awakening"
"608";;"Maleson";0;;"Mimok";2;"Winners Semi-Final";"Twilight's Awakening"
"609";;"Miguelindo";0;;"MICK";2;"Winners Semi-Final";"Twilight's Awakening"
"610";;"LUGIA";2;;"Ihmo";0;"Winners Semi-Final";"Twilight's Awakening"
"611";;"Ultimate";2;;"Sosser";1;"Winners Semi-Final";"Twilight's Awakening"
"612";;"Sky";2;;"S/Chance";0;"Winners Semi-Final";"Twilight's Awakening"
"613";;"Luffy";2;;"Haxwei";1;"Winners Semi-Final";"Twilight's Awakening"
"614";;"RevoS";2;;"Firinplinplin";0;"Winners Semi-Final";"Twilight's Awakening"
"615";;"Afro";2;;"S/Chance";1;"Losers Round 1";"Twilight's Awakening"
"616";;"mysterE";2;;"Vyse";1;"Losers Round 1";"Twilight's Awakening"
"617";"TB";"Chino";0;;"Haxwei";2;"Losers Round 1";"Twilight's Awakening"
"618";;"JBB";0;;"Sosser";2;"Losers Round 1";"Twilight's Awakening"
"619";"BC";"Amortax";2;;"Afro";0;"Losers Round 2";"Twilight's Awakening"
"620";;"MICK";0;;"mysterE";2;"Losers Round 2";"Twilight's Awakening"
"621";;"Sky";2;;"Haxwei";0;"Losers Round 2";"Twilight's Awakening"
"622";;"Mimok";0;;"Sosser";2;"Losers Round 2";"Twilight's Awakening"
"623";;"RevoS";2;;"Mimok";0;"Winners Quarter-Final";"Twilight's Awakening"
"624";;"Sky";0;;"LUGIA";2;"Winners Quarter-Final";"Twilight's Awakening"
"625";;"Ultimate";2;;"MICK";0;"Winners Quarter-Final";"Twilight's Awakening"
"626";;"Luffy";2;"BC";"Amortax";1;"Winners Quarter-Final";"Twilight's Awakening"
"627";;"mysterE";2;"BC";"Amortax";3;"Losers Round 3";"Twilight's Awakening"
"628";;"Sosser";3;;"Sky";0;"Losers Round 3";"Twilight's Awakening"
"629";;"RevoS";3;"BC";"Amortax";0;"Losers Quarter-Final";"Twilight's Awakening"
"630";;"Ultimate";0;;"Sosser";3;"Losers Quarter-Final";"Twilight's Awakening"
"631";;"LUGIA";3;;"RevoS";2;"Winners Semi-Final";"Twilight's Awakening"
"632";;"Luffy";3;;"Ultimate";1;"Winners Semi-Final";"Twilight's Awakening"
"633";;"Sosser";1;;"RevoS";3;"Losers Semi-Final";"Twilight's Awakening"
"634";;"LUGIA";1;;"RevoS";3;"Losers Final";"Twilight's Awakening"
"635";;"Luffy";3;;"LUGIA";1;"Winners Final";"Twilight's Awakening"
"636";;"Luffy";3;;"RevoS";0;"Grand Final";"Twilight's Awakening"
"637";;"Ihmo";0;;"Mimok";2;"Winners Round 1";"Fight in Rio for the Future"
"638";;"LukeThomaz";0;;"Alunir";2;"Winners Round 1";"Fight in Rio for the Future"
"639";"ROT";"Naty";2;;"Miguelindo";0;"Winners Round 1";"Fight in Rio for the Future"
"640";"BC";"Amortaxx";2;;"Considera";0;"Winners Round 1";"Fight in Rio for the Future"
"641";;"Janj<e3>o";2;"SA";"Gim";0;"Winners Round 1";"Fight in Rio for the Future"
"642";"AD";"Roboto";2;;"Rhunii";0;"Winners Round 1";"Fight in Rio for the Future"
"643";;"mysterE";2;;"23";0;"Winners Round 1";"Fight in Rio for the Future"
"644";;"Strig";1;;"Anubis570";2;"Winners Round 1";"Fight in Rio for the Future"
"645";;"Inu";2;;"Magician";0;"Winners Round 1";"Fight in Rio for the Future"
"646";"ROT";"Sully";2;;"diguetake";1;"Winners Round 1";"Fight in Rio for the Future"
"647";;"Sky";2;;"Lucas Portes";0;"Winners Round 1";"Fight in Rio for the Future"
"648";"AD";"Floko";2;"AD";"Elias";0;"Winners Round 1";"Fight in Rio for the Future"
"649";"SA";"Sabino";2;"TWS";"FR7";0;"Winners Round 1";"Fight in Rio for the Future"
"650";;"Nyer";1;;"Proliel";2;"Winners Round 1";"Fight in Rio for the Future"
"651";;"Jayache";2;;"Ferrantini";0;"Winners Round 1";"Fight in Rio for the Future"
"652";;"Vyse";0;;"FireEmblem";2;"Winners Round 1";"Fight in Rio for the Future"
"653";"AD";"Afro";0;"DSadv";"Joaoarara";2;"Winners Round 1";"Fight in Rio for the Future"
"654";"UF";"Maleson";2;"BenQ";"BeBop";1;"Winners Round 1";"Fight in Rio for the Future"
"655";;"S/Chance";2;;"Swiss";0;"Winners Round 1";"Fight in Rio for the Future"
"656";;"Chaud";2;;"Nenfz";0;"Winners Round 1";"Fight in Rio for the Future"
"657";;"Guizo";0;"OwO";"RitsuoFox";2;"Winners Round 1";"Fight in Rio for the Future"
"658";"TWS";"MICK";2;;"Leow";0;"Winners Round 1";"Fight in Rio for the Future"
"659";;"Ace";1;;"Chino";2;"Winners Round 1";"Fight in Rio for the Future"
"660";"TF";"Jaycee";2;;"Lucky Luciano";0;"Winners Round 1";"Fight in Rio for the Future"
"661";"UF";"Ultimate";2;;"Ozzy";0;"Winners Round 1";"Fight in Rio for the Future"
"662";"SA";"Gim";2;;"Miguelindo";0;"Losers Round 1";"Fight in Rio for the Future"
"663";;"Considera";1;;"Ihmo";2;"Losers Round 1";"Fight in Rio for the Future"
"664";;"Rhunii";2;;"LukeThomaz";0;"Losers Round 1";"Fight in Rio for the Future"
"665";"TWS";"FR7";2;;"Strig";0;"Losers Round 1";"Fight in Rio for the Future"
"666";;"Lucas Portes";2;;"Magician";0;"Losers Round 1";"Fight in Rio for the Future"
"667";"AD";"Elias";2;;"diguetake";0;"Losers Round 1";"Fight in Rio for the Future"
"668";;"Swiss";0;;"Vyse";2;"Losers Round 1";"Fight in Rio for the Future"
"669";;"Nenfz";2;;"Ferrantini";1;"Losers Round 1";"Fight in Rio for the Future"
"670";"BenQ";"BeBop";2;;"Nyer";1;"Losers Round 1";"Fight in Rio for the Future"
"671";;"Lucky Luciano";1;;"Guizo";2;"Losers Round 1";"Fight in Rio for the Future"
"672";;"Ozzy";2;;"Leow";0;"Losers Round 1";"Fight in Rio for the Future"
"673";"OwO";"RitsuoFox";2;;"23";0;"Losers Round 2";"Fight in Rio for the Future"
"674";"TWS";"MICK";0;;"Ihmo";2;"Losers Round 2";"Fight in Rio for the Future"
"675";"TB";"GUCCI";2;"SA";"Gim";0;"Losers Round 2";"Fight in Rio for the Future"
"676";;"Chino";2;;"Rhunii";1;"Losers Round 2";"Fight in Rio for the Future"
"677";"UF";"Maleson";0;"AD";"Elias";2;"Losers Round 2";"Fight in Rio for the Future"
"678";;"S/Chance";2;;"Lucas Portes";0;"Losers Round 2";"Fight in Rio for the Future"
"679";;"Jayache";1;"TWS";"FR7";2;"Losers Round 2";"Fight in Rio for the Future"
"680";"ROT";"Sully";0;"BenQ";"BeBop";2;"Losers Round 2";"Fight in Rio for the Future"
"681";;"Anubis570";1;;"Nenfz";2;"Losers Round 2";"Fight in Rio for the Future"
"682";;"Bayo";0;"AD";"Afro";2;"Losers Round 2";"Fight in Rio for the Future"
"683";;"Inu";0;;"Vyse";2;"Losers Round 2";"Fight in Rio for the Future"
"684";;"Mimok";2;;"Ozzy";0;"Losers Round 2";"Fight in Rio for the Future"
"685";;"Alunir";0;;"Ace";2;"Losers Round 2";"Fight in Rio for the Future"
"686";;"Tuca";2;;"Guizo";0;"Losers Round 2";"Fight in Rio for the Future"
"687";"BC";"Amortaxx";2;;"Mimok";0;"Winners Quarter-Final";"Fight in Rio for the Future"
"688";;"Janj<e3>o";2;"ROT";"Naty";0;"Winners Quarter-Final";"Fight in Rio for the Future"
"689";"AD";"Roboto";2;;"Alunir";0;"Winners Quarter-Final";"Fight in Rio for the Future"
"690";;"mysterE";2;;"Tuca";0;"Winners Quarter-Final";"Fight in Rio for the Future"
"691";;"Sky";2;;"Inu";1;"Winners Quarter-Final";"Fight in Rio for the Future"
"692";"SA";"Sabino";2;;"Anubis570";0;"Winners Quarter-Final";"Fight in Rio for the Future"
"693";"AD";"Floko";2;"ROT";"Sully";0;"Winners Quarter-Final";"Fight in Rio for the Future"
"694";;"Snek";2;;"Bayo";0;"Winners Quarter-Final";"Fight in Rio for the Future"
"695";"DSadv";"Joaoarara";2;;"Stiltzkin";0;"Winners Quarter-Final";"Fight in Rio for the Future"
"696";;"S/Chance";1;;"FireEmblem";2;"Winners Quarter-Final";"Fight in Rio for the Future"
"697";"UF";"Maleson";1;;"Proliel";2;"Winners Quarter-Final";"Fight in Rio for the Future"
"698";;"Chaud";2;;"Jayache";0;"Winners Quarter-Final";"Fight in Rio for the Future"
"699";"Suvinil";"Luffy";2;"TB";"GUCCI";1;"Winners Quarter-Final";"Fight in Rio for the Future"
"700";"ELZ1";"Player 7";2;;"Chino";0;"Winners Quarter-Final";"Fight in Rio for the Future"
"701";"TF";"Jaycee";2;"OwO";"RitsuoFox";0;"Winners Quarter-Final";"Fight in Rio for the Future"
"702";"UF";"Ultimate";2;"TWS";"MICK";0;"Winners Quarter-Final";"Fight in Rio for the Future"
"703";;"Tuca";2;"AD";"Afro";0;"Losers Round 3";"Fight in Rio for the Future"
"704";;"Mimok";2;;"Vyse";1;"Losers Round 3";"Fight in Rio for the Future"
"705";"ROT";"Naty";1;"BenQ";"BeBop";2;"Losers Round 3";"Fight in Rio for the Future"
"706";;"Ace";2;;"Nenfz";0;"Losers Round 3";"Fight in Rio for the Future"
"707";;"S/Chance";1;;"Ihmo";2;"Losers Round 3";"Fight in Rio for the Future"
"708";"AD";"Elias";2;"TB";"GUCCI";1;"Losers Round 3";"Fight in Rio for the Future"
"709";"TWS";"FR7";0;;"Chino";2;"Losers Round 3";"Fight in Rio for the Future"
"710";;"Stiltzkin";0;"OwO";"RitsuoFox";2;"Losers Round 3";"Fight in Rio for the Future"
"711";;"Snek";0;"OwO";"RitsuoFox";2;"Losers Quarter-Final";"Fight in Rio for the Future"
"712";"AD";"Floko";0;"AD";"Elias";2;"Losers Quarter-Final";"Fight in Rio for the Future"
"713";"SA";"Sabino";2;;"Chino";0;"Losers Quarter-Final";"Fight in Rio for the Future"
"714";"BC";"Amortaxx";0;;"Ihmo";2;"Losers Quarter-Final";"Fight in Rio for the Future"
"715";;"FireEmblem";0;;"Mimok";2;"Losers Quarter-Final";"Fight in Rio for the Future"
"716";"DSadv";"Joaoarara";2;;"Tuca";1;"Losers Quarter-Final";"Fight in Rio for the Future"
"717";;"Proliel";2;"BenQ";"BeBop";0;"Losers Quarter-Final";"Fight in Rio for the Future"
"718";;"Chaud";2;;"Ace";0;"Losers Quarter-Final";"Fight in Rio for the Future"
"719";"SA";"Sabino";0;"AD";"Roboto";2;"Winners Semi-Final";"Fight in Rio for the Future"
"720";"AD";"Floko";0;;"Janj<e3>o";2;"Winners Semi-Final";"Fight in Rio for the Future"
"721";;"Snek";0;;"mysterE";2;"Winners Semi-Final";"Fight in Rio for the Future"
"722";;"Sky";2;"BC";"Amortaxx";0;"Winners Semi-Final";"Fight in Rio for the Future"
"723";"TF";"Jaycee";2;"DSadv";"Joaoarara";0;"Winners Semi-Final";"Fight in Rio for the Future"
"724";"Suvinil";"Luffy";2;;"Proliel";0;"Winners Semi-Final";"Fight in Rio for the Future"
"725";"ELZ1";"Player 7";2;;"Chaud";0;"Winners Semi-Final";"Fight in Rio for the Future"
"726";"UF";"Ultimate";2;;"FireEmblem";0;"Winners Semi-Final";"Fight in Rio for the Future"
"727";"DSadv";"Joaoarara";0;"OwO";"RitsuoFox";2;"Losers Semi-Final";"Fight in Rio for the Future"
"728";;"Mimok";2;;"Ihmo";1;"Losers Semi-Final";"Fight in Rio for the Future"
"729";;"Proliel";1;"AD";"Elias";2;"Losers Semi-Final";"Fight in Rio for the Future"
"730";;"Chaud";2;"SA";"Sabino";0;"Losers Semi-Final";"Fight in Rio for the Future"
"731";"AD";"Roboto";2;;"Chaud";0;"Losers Final";"Fight in Rio for the Future"
"732";"TF";"Jaycee";0;"OwO";"RitsuoFox";2;"Losers Final";"Fight in Rio for the Future"
"733";;"Janj<e3>o";2;"AD";"Elias";1;"Losers Final";"Fight in Rio for the Future"
"734";"UF";"Ultimate";0;;"Mimok";2;"Losers Final";"Fight in Rio for the Future"
"735";"TF";"Jaycee";0;;"mysterE";2;"Winners Final";"Fight in Rio for the Future"
"736";"UF";"Ultimate";0;;"Sky";2;"Winners Final";"Fight in Rio for the Future"
"737";"ELZ1";"Player 7";2;"AD";"Roboto";0;"Winners Final";"Fight in Rio for the Future"
"738";"Suvinil";"Luffy";2;;"Janj<e3>o";0;"Winners Final";"Fight in Rio for the Future"
"739";"AD";"Roboto";2;;"Mimok";3;"Losers Round 1";"Fight in Rio for the Future"
"740";;"Janj<e3>o";1;"OwO";"RitsuoFox";3;"Losers Round 1";"Fight in Rio for the Future"
"741";;"mysterE";2;;"Mimok";3;"Losers Quarter-Final";"Fight in Rio for the Future"
"742";;"Sky";3;"OwO";"RitsuoFox";2;"Losers Quarter-Final";"Fight in Rio for the Future"
"743";"ELZ1";"Player 7";3;;"Sky";0;"Winners Semi-Final";"Fight in Rio for the Future"
"744";"Suvinil";"Luffy";3;;"mysterE";0;"Winners Semi-Final";"Fight in Rio for the Future"
"745";;"Sky";3;;"Mimok";0;"Losers Semi-Final";"Fight in Rio for the Future"
"746";"ELZ1";"Player 7";3;;"Sky";1;"Losers Final";"Fight in Rio for the Future"
"747";"Suvinil";"Luffy";3;"ELZ1";"Player 7";1;"Winners Final";"Fight in Rio for the Future"
"748";"ELZ1";"Player 7";1;"Suvinil";"Luffy";3;"Grand Final Reset";"Fight in Rio for the Future"
"749";"Suvinil";"Luffy";2;"ELZ1";"Player 7";3;"Grand Final";"Fight in Rio for the Future"
"750";;"Luckstorm";2;"TWS";"FR7";0;"Winners Round 1";"Smash N' Magic - 3rd Edition"
"751";"ROT";"FyFox";2;"TB";"Crisiru07";0;"Winners Round 1";"Smash N' Magic - 3rd Edition"
"752";"TB";"GUCCI";1;"AD";"Afro";2;"Winners Round 1";"Smash N' Magic - 3rd Edition"
"753";;"Alonso";1;;"FireEmblem";2;"Winners Round 1";"Smash N' Magic - 3rd Edition"
"754";;"DJ";2;;"Cyber Twilight";0;"Winners Round 1";"Smash N' Magic - 3rd Edition"
"755";;"Conker";0;"P5";"Ren";2;"Winners Round 1";"Smash N' Magic - 3rd Edition"
"756";"Falcon Lunch";"LCS";2;"Artdu";"jao";1;"Winners Round 1";"Smash N' Magic - 3rd Edition"
"757";;"Snek";0;;"Ace";2;"Winners Round 1";"Smash N' Magic - 3rd Edition"
"758";"ROT";"Ozzy";2;"TT";"Taunt";0;"Winners Round 1";"Smash N' Magic - 3rd Edition"
"759";"BC";"Roc~";2;;"Samurai do Lamen";0;"Winners Round 1";"Smash N' Magic - 3rd Edition"
"760";"TWS";"MICK";0;;"Rhunii";2;"Winners Round 1";"Smash N' Magic - 3rd Edition"
"761";;"test";2;;"P.Vicious";1;"Winners Round 1";"Smash N' Magic - 3rd Edition"
"762";"UF";"Maleson";0;"BenQ";"BeBop";2;"Winners Round 1";"Smash N' Magic - 3rd Edition"
"763";;"Guizo";2;;"DSK";0;"Winners Round 1";"Smash N' Magic - 3rd Edition"
"764";;"Strig";0;"DSadv";"Joaoarara";2;"Winners Round 1";"Smash N' Magic - 3rd Edition"
"765";;"Morkerz";2;"SA";"Gim";1;"Winners Round 1";"Smash N' Magic - 3rd Edition"
"766";"UF";"ChaosPrime";2;"Falcon Lunch";"Lou";0;"Winners Round 1";"Smash N' Magic - 3rd Edition"
"767";;"Cyber Twilight";2;"TWS";"FR7";0;"Losers Round 1";"Smash N' Magic - 3rd Edition"
"768";;"P.Vicious";2;"TT";"Taunt";1;"Losers Round 1";"Smash N' Magic - 3rd Edition"
"769";"UF";"ChaosPrime";0;;"Cyber Twilight";2;"Losers Round 2";"Smash N' Magic - 3rd Edition"
"770";;"test";2;;"Snek";1;"Losers Round 2";"Smash N' Magic - 3rd Edition"
"771";;"Guizo";2;"TB";"Crisiru07";0;"Losers Round 2";"Smash N' Magic - 3rd Edition"
"772";;"Morkerz";2;"TB";"GUCCI";0;"Losers Round 2";"Smash N' Magic - 3rd Edition"
"773";"DSadv";"Joaoarara";2;;"Alonso";0;"Losers Round 2";"Smash N' Magic - 3rd Edition"
"774";;"Ace";2;;"P.Vicious";0;"Losers Round 2";"Smash N' Magic - 3rd Edition"
"775";;"Vyse";2;;"Conker";0;"Losers Round 2";"Smash N' Magic - 3rd Edition"
"776";;"Rhunii";2;"ROT";"Sully";0;"Losers Round 2";"Smash N' Magic - 3rd Edition"
"777";"TT";"Professor";2;"Artdu";"jao";1;"Losers Round 2";"Smash N' Magic - 3rd Edition"
"778";;"Luckstorm";2;"Falcon Lunch";"Lou";0;"Losers Round 2";"Smash N' Magic - 3rd Edition"
"779";"Falcon Lunch";"LCS";2;;"Samurai do Lamen";0;"Losers Round 2";"Smash N' Magic - 3rd Edition"
"780";"P5";"Ren";0;"UF";"Maleson";2;"Losers Round 2";"Smash N' Magic - 3rd Edition"
"781";"ROT";"FyFox";2;;"DSK";0;"Losers Round 2";"Smash N' Magic - 3rd Edition"
"782";;"FireEmblem";2;;"Strig";0;"Losers Round 2";"Smash N' Magic - 3rd Edition"
"783";;"Talberon";0;"SA";"Gim";2;"Losers Round 2";"Smash N' Magic - 3rd Edition"
"784";;"DJ";2;;"Luckstorm";0;"Winners Quarter-Final";"Smash N' Magic - 3rd Edition"
"785";;"Haxwei";2;"ROT";"FyFox";0;"Winners Quarter-Final";"Smash N' Magic - 3rd Edition"
"786";;"Talberon";0;"AD";"Afro";2;"Winners Quarter-Final";"Smash N' Magic - 3rd Edition"
"787";"AD";"Roboto";2;;"FireEmblem";0;"Winners Quarter-Final";"Smash N' Magic - 3rd Edition"
"788";"SA";"Sabino";2;;"Ace";0;"Winners Quarter-Final";"Smash N' Magic - 3rd Edition"
"789";;"S/Chance";2;"P5";"Ren";0;"Winners Quarter-Final";"Smash N' Magic - 3rd Edition"
"790";"TB";"mysterE";2;"Falcon Lunch";"LCS";0;"Winners Quarter-Final";"Smash N' Magic - 3rd Edition"
"791";;"test";0;"ROT";"Ozzy";2;"Winners Quarter-Final";"Smash N' Magic - 3rd Edition"
"792";"BenQ";"BeBop";2;;"Vyse";1;"Winners Quarter-Final";"Smash N' Magic - 3rd Edition"
"793";"BC";"Roc~";2;"TT";"Professor";0;"Winners Quarter-Final";"Smash N' Magic - 3rd Edition"
"794";;"Rhunii";0;"TB";"Chino";2;"Winners Quarter-Final";"Smash N' Magic - 3rd Edition"
"795";;"Mimok";2;"UF";"ChaosPrime";0;"Winners Quarter-Final";"Smash N' Magic - 3rd Edition"
"796";"WasF";"RevoS";2;;"Guizo";0;"Winners Quarter-Final";"Smash N' Magic - 3rd Edition"
"797";"WasF";"Sky";2;;"Morkerz";0;"Winners Quarter-Final";"Smash N' Magic - 3rd Edition"
"798";"UF";"Ultimate";2;"DSadv";"Joaoarara";1;"Winners Quarter-Final";"Smash N' Magic - 3rd Edition"
"799";;"Luckstorm";2;;"Ace";0;"Losers Round 3";"Smash N' Magic - 3rd Edition"
"800";;"Vyse";2;;"Guizo";1;"Losers Round 3";"Smash N' Magic - 3rd Edition"
"801";;"Rhunii";0;"DSadv";"Joaoarara";2;"Losers Round 3";"Smash N' Magic - 3rd Edition"
"802";"TT";"Professor";0;;"Morkerz";2;"Losers Round 3";"Smash N' Magic - 3rd Edition"
"803";"ROT";"FyFox";0;"UF";"Maleson";2;"Losers Round 3";"Smash N' Magic - 3rd Edition"
"804";;"FireEmblem";2;"TWS";"MICK";1;"Losers Round 3";"Smash N' Magic - 3rd Edition"
"805";"SA";"Gim";2;"Falcon Lunch";"LCS";1;"Losers Round 3";"Smash N' Magic - 3rd Edition"
"806";"SA";"Sabino";2;;"Cyber Twilight";0;"Losers Quarter-Final";"Smash N' Magic - 3rd Edition"
"807";"ROT";"Ozzy";2;;"Luckstorm";0;"Losers Quarter-Final";"Smash N' Magic - 3rd Edition"
"808";;"S/Chance";2;;"Vyse";0;"Losers Quarter-Final";"Smash N' Magic - 3rd Edition"
"809";"SA";"Arch";0;"DSadv";"Joaoarara";2;"Losers Quarter-Final";"Smash N' Magic - 3rd Edition"
"810";"AD";"Afro";2;;"Morkerz";1;"Losers Quarter-Final";"Smash N' Magic - 3rd Edition"
"811";"BenQ";"BeBop";2;"UF";"Maleson";0;"Losers Quarter-Final";"Smash N' Magic - 3rd Edition"
"812";"BC";"Roc~";2;"SA";"Gim";1;"Losers Quarter-Final";"Smash N' Magic - 3rd Edition"
"813";"TB";"Chino";1;;"FireEmblem";2;"Losers Quarter-Final";"Smash N' Magic - 3rd Edition"
"814";"SA";"Sabino";0;;"DJ";2;"Winners Semi-Final";"Smash N' Magic - 3rd Edition"
"815";;"S/Chance";0;;"Haxwei";2;"Winners Semi-Final";"Smash N' Magic - 3rd Edition"
"816";"TB";"mysterE";2;"AD";"Afro";1;"Winners Semi-Final";"Smash N' Magic - 3rd Edition"
"817";"SA";"Arch";0;"AD";"Roboto";2;"Winners Semi-Final";"Smash N' Magic - 3rd Edition"
"818";;"Mimok";2;"ROT";"Ozzy";1;"Winners Semi-Final";"Smash N' Magic - 3rd Edition"
"819";"WasF";"RevoS";2;"BenQ";"BeBop";0;"Winners Semi-Final";"Smash N' Magic - 3rd Edition"
"820";"UF";"Ultimate";2;"TB";"Chino";0;"Winners Semi-Final";"Smash N' Magic - 3rd Edition"
"821";"WasF";"Sky";2;"BC";"Roc~";0;"Winners Semi-Final";"Smash N' Magic - 3rd Edition"
"822";"DSadv";"Joaoarara";2;"BC";"Roc~";1;"Losers Round 1";"Smash N' Magic - 3rd Edition"
"823";"AD";"Afro";2;;"FireEmblem";0;"Losers Round 1";"Smash N' Magic - 3rd Edition"
"824";"SA";"Sabino";2;"BenQ";"BeBop";0;"Losers Round 1";"Smash N' Magic - 3rd Edition"
"825";;"S/Chance";2;"ROT";"Ozzy";0;"Losers Round 1";"Smash N' Magic - 3rd Edition"
"826";;"Haxwei";0;"DSadv";"Joaoarara";2;"Losers Round 2";"Smash N' Magic - 3rd Edition"
"827";;"DJ";2;"AD";"Afro";0;"Losers Round 2";"Smash N' Magic - 3rd Edition"
"828";"WasF";"Sky";2;"SA";"Sabino";1;"Losers Round 2";"Smash N' Magic - 3rd Edition"
"829";"UF";"Ultimate";2;;"S/Chance";1;"Losers Round 2";"Smash N' Magic - 3rd Edition"
"830";"UF";"Ultimate";1;"AD";"Roboto";2;"Winners Quarter-Final";"Smash N' Magic - 3rd Edition"
"831";"WasF";"Sky";1;"TB";"mysterE";2;"Winners Quarter-Final";"Smash N' Magic - 3rd Edition"
"832";;"Mimok";2;;"DJ";0;"Winners Quarter-Final";"Smash N' Magic - 3rd Edition"
"833";"WasF";"RevoS";2;;"Haxwei";0;"Winners Quarter-Final";"Smash N' Magic - 3rd Edition"
"834";;"DJ";0;"DSadv";"Joaoarara";3;"Losers Round 3";"Smash N' Magic - 3rd Edition"
"835";"UF";"Ultimate";2;"WasF";"Sky";3;"Losers Round 3";"Smash N' Magic - 3rd Edition"
"836";"TB";"mysterE";2;"DSadv";"Joaoarara";3;"Losers Quarter-Final";"Smash N' Magic - 3rd Edition"
"837";"WasF";"RevoS";3;"WasF";"Sky";1;"Losers Quarter-Final";"Smash N' Magic - 3rd Edition"
"838";"TB";"mysterE";1;"AD";"Roboto";3;"Winners Semi-Final";"Smash N' Magic - 3rd Edition"
"839";"WasF";"RevoS";2;;"Mimok";3;"Winners Semi-Final";"Smash N' Magic - 3rd Edition"
"840";"WasF";"RevoS";3;"DSadv";"Joaoarara";1;"Losers Semi-Final";"Smash N' Magic - 3rd Edition"
"841";;"Mimok";3;"WasF";"RevoS";2;"Losers Final";"Smash N' Magic - 3rd Edition"
"842";;"Mimok";0;"AD";"Roboto";3;"Winners Final";"Smash N' Magic - 3rd Edition"
"843";;"Mimok";3;"AD";"Roboto";1;"Grand Final Reset";"Smash N' Magic - 3rd Edition"
"844";"AD";"Roboto";2;;"Mimok";3;"Grand Final";"Smash N' Magic - 3rd Edition"
